"country","total_revenue","total_return","return_rate"
"United States","7929454.7895","633","2.12751655295264343100"
"Australia","7416456.2001","404","2.25057099883014873800"
"United Kingdom","2902562.0949","204","2.10439447080668454700"
"Germany","2524679.9728","163","2.05031446540880503100"
"France","2362643.3193","186","2.36581022640549478500"
"Canada","1769245.8145","238","2.18468881953368826900"
